{
    "0.01": {
        "frob_error": 94.98420921395304,
        "correlation": 0.14632190054901717
    },
    "0.05": {
        "frob_error": 65.13063795173512,
        "correlation": 0.12907912831356938
    },
    "1.25": {
        "frob_error": 28.982753492378876,
        "correlation": 0.07885708303780803
    },
    "6.25": {
        "frob_error": 28.982753492378876,
        "correlation": 0.07885708303780803
    },
    "31.25": {
        "frob_error": 28.982753492378876,
        "correlation": 0.07885708303780803
    }
}