{
    "0.01": {
        "frob_error": 42.23291397093982,
        "correlation": 0.1050707017568171
    },
    "0.25": {
        "frob_error": 22.352792382939068,
        "correlation": 0.08783303659164934
    },
    "1.25": {
        "frob_error": 28.98275339001221,
        "correlation": 0.08903123714167577
    },
    "6.25": {
        "frob_error": 28.98275339001221,
        "correlation": 0.08903123714167577
    }
}