{
    "vt_0.05_k_3": {
        "variance_threshold": 0.05,
        "n_neighbors": 3,
        "correlation": 0.766682504844775
    },
    "vt_0.05_k_5": {
        "variance_threshold": 0.05,
        "n_neighbors": 5,
        "correlation": 0.6100775524426115
    },
    "vt_0.05_k_7": {
        "variance_threshold": 0.05,
        "n_neighbors": 7,
        "correlation": 0.4301988749590889
    },
    "vt_0.1_k_3": {
        "variance_threshold": 0.1,
        "n_neighbors": 3,
        "correlation": 0.7666825048447754
    },
    "vt_0.1_k_5": {
        "variance_threshold": 0.1,
        "n_neighbors": 5,
        "correlation": 0.6100775524426121
    },
    "vt_0.1_k_7": {
        "variance_threshold": 0.1,
        "n_neighbors": 7,
        "correlation": 0.4301988749590885
    },
    "vt_0.15_k_3": {
        "variance_threshold": 0.15,
        "n_neighbors": 3,
        "correlation": 0.7666825048447745
    },
    "vt_0.15_k_5": {
        "variance_threshold": 0.15,
        "n_neighbors": 5,
        "correlation": 0.6100775524426115
    },
    "vt_0.15_k_7": {
        "variance_threshold": 0.15,
        "n_neighbors": 7,
        "correlation": 0.4301988749590889
    }
}